,Date,Title,Link,Source
0,2025-01-07 16:50:00,AI Startup Anthropic Raising Funds Valuing It at $60 Billion,https://finance.yahoo.com/m/7b30d9fa-c813-3c28-b85b-8a77f59a8e02/ai-startup-anthropic-raising.html,The Wall Street Journal
1,2025-01-07 16:04:00,Dont Punish Google for Being Good at What It Does,https://finance.yahoo.com/m/74d4d42f-09d9-3978-8f5c-39c7b0d579a0/don%E2%80%99t-punish-google-for-being.html,Barrons.com
2,2025-01-07 14:37:00,Uber and Lyft Adapt Robotaxi Strategy to Compete in Tesla and Waymo's Space,https://finance.yahoo.com/news/uber-lyft-adapt-robotaxi-strategy-193708729.html,Benzinga
3,2025-01-07 13:21:00,'Complacency' could be the biggest risk to investors in 2025,https://finance.yahoo.com/video/complacency-could-biggest-risk-investors-182107538.html,Yahoo Finance Video
4,2025-01-07 13:05:00,Tech's turn towards Trump puts pressure on Google,https://www.youtube.com/watch?v=eJ4E4gl0qls,CNBC TV
5,2025-01-07 11:40:00,Google unveils an AI-powered TV that summarizes the news for you at CES 2025,https://finance.yahoo.com/m/6b1da359-9d21-3fc1-9168-27b86c48f0e2/google-unveils-an-ai-powered.html,TechCrunch
6,2025-01-07 11:08:00,Google's anti-aging company just released 'disappointing' drug trial results,https://qz.com/google-calico-als-drug-trial-1851734070,Quartz
7,2025-01-07 10:02:00,"McDonald's Launches McValue Program, Slate of New Promotions",https://www.investopedia.com/mcdonalds-value-program-launch-8770295,Investopedia
8,2025-01-07 09:45:00,Meet the 5 Generative AI Stocks on the Cutting Edge of a $1.3 Trillion Opportunity by 2032,https://finance.yahoo.com/m/552399cb-b819-3f20-89f2-c2255f1f5e0e/meet-the-5-generative-ai.html,Motley Fool
9,2025-01-07 09:00:00,Here is What to Know Beyond Why Alphabet Inc. (GOOGL) is a Trending Stock,https://finance.yahoo.com/news/know-beyond-why-alphabet-inc-140015597.html,Zacks
10,2025-01-07 08:34:00,"Apple Stock Downgraded To Sell On Google, China, Consumer AI Demand",https://finance.yahoo.com/m/45a7d2a2-67c9-3804-964d-7ce9fc1b8a61/apple-stock-downgraded-to.html,Investor's Business Daily
11,2025-01-07 07:47:00,Waymo passenger nearly misses his flight after car drives in circles,https://finance.yahoo.com/m/83df8bbb-265f-39a6-ad51-199c298403b6/waymo-passenger-nearly-misses.html,CNN Business
12,2025-01-07 07:15:00,Here Are My Top 5 Nasdaq Stocks to Buy in 2025,https://finance.yahoo.com/m/8be1924a-03df-3322-b890-57017422a5ab/here-are-my-top-5-nasdaq.html,Motley Fool
13,2025-01-07 06:40:00,Alphabets Google TV to integrate Gemini AI,https://finance.yahoo.com/m/a8a61a89-c257-39c3-a688-ff17053f2cac/alphabet%E2%80%99s-google-tv-to.html,Verdict
14,2025-01-07 06:30:00,Chemours Appoints Google Executive Joseph Kava to its Board of Directors,https://www.businesswire.com/news/home/20250107731086/en/,Business Wire
15,2025-01-07 04:56:00,"Is Uber Technologies, Inc. (UBER) Hottest Mega-Cap Stock of 2025?",https://finance.yahoo.com/news/uber-technologies-inc-uber-hottest-095647906.html,Insider Monkey
16,2025-01-07 04:30:00,A Once-in-a-Decade Investment Opportunity: My Pick for the Best AI Stock to Buy in 2025,https://finance.yahoo.com/m/a9b3d1ee-94f8-3f64-98ed-2766a0cbe3c3/a-once-in-a-decade-investment.html,Motley Fool
17,2025-01-06 19:52:00,Why Alphabet Stock Gained 12% in January,https://finance.yahoo.com/m/449f229f-863c-33eb-a3bd-e98d36166e04/why-alphabet-stock-gained-12%25.html,Motley Fool
18,2025-01-06 18:28:00,Google is forming a new team to build AI that can simulate the physical world,https://finance.yahoo.com/m/5ac59590-72b5-3832-9a7f-ce80f3cfe8a3/google-is-forming-a-new-team.html,TechCrunch
19,2025-01-06 17:40:00,"Google's Veo 2 Is a Litmus Test, Blackmagic Debuts Camera for Vision Pro, Apple Sports App Update",https://www.aboveavalon.com/notes/2025/1/6/googles-veo-2-is-a-litmus-test-blackmagic-debuts-camera-for-vision-pro-apple-sports-app-update,Above Avalon
20,2025-01-06 17:34:00,Thinking Through Headset / AR Glasses Competition and Landscape,https://www.aboveavalon.com/notes/2025/1/6/thinking-through-headset-ar-glasses-competition-andnbsplandscape,Above Avalon
21,2025-01-06 17:00:00,Samsung CEO Touts AI Fridges and Washers After Year to Forget,https://finance.yahoo.com/news/samsung-ceo-touts-ai-fridges-220000900.html,Bloomberg
22,2025-01-06 16:52:00,"Google should be forced to bargain with contractor's union, US labor agency says",https://finance.yahoo.com/news/google-forced-bargain-contractors-union-215216074.html,Reuters
23,2025-01-06 16:05:00,Why Alphabet Rallied Today,https://finance.yahoo.com/m/01159874-56b4-3abb-b00c-e6ecbb08e818/why-alphabet-rallied-today.html,Motley Fool
24,2025-01-06 14:20:00,"Uber, Lyft Stocks Are Buys for 25, Analysts Say. Dont Worry About Tesla and Alphabet.",https://finance.yahoo.com/m/5f8ef37b-8bcb-3042-a3c6-4d16feabc80a/uber%2C-lyft-stocks-are-buys.html,Barrons.com
25,2025-01-06 14:07:00,Viral videos and trusting self-driving tech,https://www.youtube.com/watch?v=RHDWQQDiZEY,CNBC TV
26,2025-01-06 14:03:00,Analyst on Alphabet (GOOG): Potential Overhangs Are Opportunities to Buy The Stock,https://finance.yahoo.com/news/analyst-alphabet-goog-potential-overhangs-190326946.html,Insider Monkey
27,2025-01-06 13:54:00,"AMD and Nvidia Overtake Intel in Key Markets, Challenging Its Leadership",https://finance.yahoo.com/news/amd-nvidia-overtake-intel-key-185420699.html,Benzinga
28,2025-01-06 13:16:00,Alphabet Stock Gains. Why This Analyst Is Upbeat About Google.,https://finance.yahoo.com/m/5d9d229e-ceab-3e49-8368-6f8a8ed81524/alphabet-stock-gains.-why.html,Barrons.com
29,2025-01-06 11:50:00,How the AI trade is set to grow in 2025,https://finance.yahoo.com/video/ai-trade-set-grow-2025-165058235.html,Yahoo Finance Video
30,2025-01-06 11:37:00,"TikTok Ban Thrusts Apple, Google Into US-China Geopolitical Fray",https://finance.yahoo.com/m/7493e9cd-73c4-379b-b872-dcbaeb40b7ed/tiktok-ban-thrusts-apple%2C.html,Bloomberg
31,2025-01-06 09:00:00,Want to Buy a Quantum Computing Stock in 2025? You Might Consider This Quantum Computing ETF.,https://finance.yahoo.com/m/fe8c44ab-2262-3cf6-8b41-d13a31e6ba51/want-to-buy-a-quantum.html,Motley Fool
32,2025-01-06 08:45:00,"The Best Stocks to Invest $1,000 In Right Now",https://finance.yahoo.com/m/e7f30b54-88b3-33cb-ba88-f637b33af0ba/the-best-stocks-to-invest.html,Motley Fool
33,2025-01-06 08:30:00,Yahoo co-founder Jerry Yang on AI: The wave is coming,https://finance.yahoo.com/news/yahoo-co-founder-jerry-yang-on-ai-the-wave-is-coming-133019251.html,Yahoo Finance
34,2025-01-06 08:15:00,1 Nvidia-Backed Artificial Intelligence (AI) Stock to Buy Hand Over Fist in 2025 (Hint: It's Not SoundHound AI),https://finance.yahoo.com/m/339247e8-2a75-34f5-b60d-434c1a71a85a/1-nvidia-backed-artificial.html,Motley Fool
35,2025-01-06 07:41:00,Is Alphabet Inc. (NASDAQ:GOOGL) Among Israel Englanders Top Stock Picks Heading Into 2025?,https://finance.yahoo.com/news/alphabet-inc-nasdaq-googl-among-124121272.html,Insider Monkey
36,2025-01-06 06:01:00,Invest with Confidence: Intrinsic Value Unveiled of Alphabet Inc,https://finance.yahoo.com/news/invest-confidence-intrinsic-value-unveiled-110137991.html,GuruFocus.com
37,2025-01-06 04:51:00,2 Unstoppable Artificial Intelligence (AI) Stocks to Buy Hand Over Fist in 2025 and 1 to Avoid,https://finance.yahoo.com/m/3aac488f-60f2-3451-85f8-efa968054cf2/2-unstoppable-artificial.html,Motley Fool
38,2025-01-06 00:16:00,How Uber and Lyft Are Gearing Up for the Robotaxi Revolution,https://finance.yahoo.com/m/4e5db5bf-8b96-3f15-826d-72daddb3061b/how-uber-and-lyft-are-gearing.html,The Wall Street Journal
39,2025-01-05 21:14:00,Morningstar | A Weekly Summary of Stock Ideas and Developments in the Companies We Cover,https://finance.yahoo.com/m/9250f018-9001-34c3-86a6-5c0fbb219d41/morningstar-%7C-a-weekly.html,Morningstar Research
40,2025-01-05 12:45:00,Los Angeles man is trapped in circling Waymo on way to airport: 'Is somebody playing a joke?',https://finance.yahoo.com/m/dd6ed76c-6945-3c47-9dc9-1a7ce3781291/los-angeles-man-is-trapped-in.html,LA Times
41,2025-01-05 12:35:00,"Elon Musk Nearly Sold Struggling Tesla To Google For $6 Billion  But When He 'No Longer Needed A Savior,' The Deal Was Called Off",https://finance.yahoo.com/news/elon-musk-nearly-sold-struggling-173515772.html,Benzinga
42,2025-01-05 12:02:00,Big Tech Comes Of Age  These Three Big Tech Stocks Began Paying Shareholder Dividends For The First Time In 2024,https://finance.yahoo.com/news/big-tech-comes-age-three-170213130.html,Benzinga
43,2025-01-05 09:03:00,5 quantum computing stocks investors are targeting in 2025,https://finance.yahoo.com/m/9aeff120-b8ac-392c-9e8b-c1cce2672dba/5-quantum-computing-stocks.html,TheStreet
44,2025-01-05 08:30:00,3 problems for the stock price of Nvidia rival AMD,https://finance.yahoo.com/news/3-problems-for-the-stock-price-of-nvidia-rival-amd-133029633.html,Yahoo Finance
45,2025-01-05 06:45:00,5 Top Stocks to Buy in January,https://finance.yahoo.com/m/962ee295-1043-3629-bc5d-18bc22df77c9/5-top-stocks-to-buy-in-january.html,Motley Fool
46,2025-01-05 06:26:00,3 Artificial Intelligence (AI) Stocks to Buy in 2025 That Could Be Better Picks Than Palantir,https://finance.yahoo.com/m/af8ad2fb-ea66-3c77-93b6-9a7e6e1bfa21/3-artificial-intelligence.html,Motley Fool
47,2025-01-05 05:40:00,"Got $3,000? 3 Artificial Intelligence (AI) Stocks to Buy and Hold for the Long Term",https://finance.yahoo.com/m/2a41cc99-88a6-36b7-85ce-832bb7e655cb/got-%243%2C000%3F-3-artificial.html,Motley Fool
48,2025-01-05 04:35:00,"Billionaires Love This Tech Stock, but Will It Continue Its Reign in 2025?",https://finance.yahoo.com/m/c3f283fe-4217-3a7d-a00b-97c91c616dd9/billionaires-love-this-tech.html,Motley Fool
49,2025-01-05 04:25:00,Is IonQ Stock a Buy?,https://finance.yahoo.com/m/8e71f2f4-e561-3897-bd8f-3f447f3b3276/is-ionq-stock-a-buy%3F.html,Motley Fool
50,2025-01-04 11:23:00,3 Monster Stocks to Hold for the Next 3 Years,https://finance.yahoo.com/m/d79478a4-5a2d-39d0-a1af-4415ec25f6a7/3-monster-stocks-to-hold-for.html,Motley Fool
51,2025-01-04 09:15:00,Is IonQ a Buy?,https://finance.yahoo.com/m/c29a12c5-2d27-34af-b11a-62a7648e2c55/is-ionq-a-buy%3F.html,Motley Fool
52,2025-01-04 08:31:00,Prediction: Quantum Computing Will Be the Biggest Theme in Artificial Intelligence (AI) in 2025. But Does That Mean You Should Invest in It?,https://finance.yahoo.com/m/53468112-6b5c-3b94-9e06-293e70a8e747/prediction%3A-quantum-computing.html,Motley Fool
53,2025-01-04 07:30:00,Will This Quantum Computing Stock Be a Must-Own in 2025?,https://finance.yahoo.com/m/c2d6f334-24b3-3893-a08c-88c8edb9fd30/will-this-quantum-computing.html,Motley Fool
54,2025-01-04 06:06:00,3 Unstoppable Stocks to Build a Portfolio Around for 2025 and Beyond,https://finance.yahoo.com/m/8e1d8bb8-9d04-37b5-908f-fd2cc9f57fbe/3-unstoppable-stocks-to-build.html,Motley Fool
55,2025-01-04 05:46:00,5 Predictions for the Stock Market in 2025 -- and Which Stocks Will Soar the Most If They're Right,https://finance.yahoo.com/m/f39cd928-1610-3994-ab07-eed48c459921/5-predictions-for-the-stock.html,Motley Fool
56,2025-01-04 04:10:00,Tick Tock for TikTok? Chinese social media titan faces race against time and Trump,https://finance.yahoo.com/m/af229e56-9496-37d5-a934-42092ab4714c/tick-tock-for-tiktok%3F-chinese.html,Investing.com
57,2025-01-04 03:02:00,Russias Google ordered to hide maps of oil refineries after Ukrainian attacks,https://finance.yahoo.com/m/9caff86c-e450-320f-a313-a21373684f95/%E2%80%98russia%E2%80%99s-google%E2%80%99-ordered-to.html,The Telegraph
58,2025-01-03 18:10:00,TikTok nears Jan. 19 deadline. Who would benefit most from its ban?,https://finance.yahoo.com/video/tiktok-nears-jan-19-deadline-231000128.html,Yahoo Finance Video
59,2025-01-03 12:44:00,"Rezolve Ai Stock Jumps on Microsoft, Google Partnerships",https://www.investopedia.com/rezolve-ai-stock-jumps-on-microsoft-google-partnerships-8768855,Investopedia
60,2025-01-03 10:43:00,Alphabet Inc (NASDAQ:GOOGL): A Bullish Investment Perspective,https://finance.yahoo.com/news/alphabet-inc-nasdaq-googl-bullish-154357052.html,Insider Monkey
61,2025-01-03 10:41:00,Nvidia stock leads 'Magnificent 7' gains to start 2025 after megacap tech sell-off,https://finance.yahoo.com/news/nvidia-stock-leads-magnificent-7-gains-to-start-2025-after-megacap-tech-sell-off-173433609.html,Yahoo Finance
62,2025-01-03 10:41:00,"Nvidia stock jumps, leads 'Magnificent 7' gains to start 2025 after end-of-year tech sell-off",https://finance.yahoo.com/news/nvidia-stock-jumps-leads-magnificent-7-gains-to-start-2025-after-end-of-year-tech-sell-off-154139053.html,Yahoo Finance
63,2025-01-03 10:25:00,Why Alphabet (GOOG) Is Unfazed By Metas (META) Llama 3.3 Launch,https://finance.yahoo.com/news/why-alphabet-goog-unfazed-meta-152512348.html,Insider Monkey
64,2025-01-03 10:00:00,How to Navigate the Stock and Bond Markets in 2025,https://finance.yahoo.com/m/575f39c5-10d1-3e72-9ea6-20dfd26ba435/how-to-navigate-the-stock-and.html,The Wall Street Journal
65,2025-01-03 06:45:00,"Which Social Media Stock Will Outperform in 2025: Meta Platforms, Snap, or Pinterest?",https://finance.yahoo.com/m/73ff50cd-4b49-3915-99ec-104f431a6254/which-social-media-stock-will.html,Motley Fool
66,2025-01-03 05:15:00,"Is Apple a Buy, Sell, or Hold in 2025?",https://finance.yahoo.com/m/f7f6f1d9-8a46-36ee-b988-dcbc9280121d/is-apple-a-buy%2C-sell%2C-or-hold.html,Motley Fool
67,2025-01-03 04:28:00,These 5 Artificial Intelligence (AI) Stocks Make Up 28.8% of the Entire S&P 500 Index,https://finance.yahoo.com/m/2d4fbc74-8984-3004-a82c-d0b03e8c52d5/these-5-artificial.html,Motley Fool
68,2025-01-03 02:00:00,"Apple Stock Was Hot, Hot, Hot in 2024. Now It Faces a Tougher Test.",https://finance.yahoo.com/m/cf50cb2f-77eb-3c39-bae1-846d3dc24fc6/apple-stock-was-hot%2C-hot%2C-hot.html,Barrons.com
69,2025-01-03 01:00:00,Europe stunned the world with its regulatory tsunami this yearbut AI and Trump will add new snags in 2025,https://finance.yahoo.com/news/europe-stunned-world-regulatory-tsunami-060000661.html,Fortune
70,2025-01-02 17:45:00,Alphabet (GOOGL) Rises As Market Takes a Dip: Key Facts,https://finance.yahoo.com/news/alphabet-googl-rises-market-takes-224522223.html,Zacks
71,2025-01-02 17:33:00,The scary 'incentive' companies have given Trump,https://finance.yahoo.com/video/scary-incentive-companies-given-trump-223356052.html,Yahoo Finance Video
72,2025-01-02 15:15:00,"Alphabet Stock Drops. The Punishment Will Be Severe, Analyst Says.",https://finance.yahoo.com/m/f8154baa-6169-3b58-afc2-e1af56bec0a4/alphabet-stock-drops.-the.html,Barrons.com
73,2025-01-02 15:06:00,Constellation Energy Stock Jumps on $1 Billion in Deals With Federal Government,https://www.investopedia.com/constellation-energy-stock-jumps-on-usd1-billion-in-deals-with-federal-government-nuclear-power-8768305,Investopedia
74,2025-01-02 14:33:00,Elon Musk and OpenAIs Sam Altman Are Battling in Court. Google Could Be the Big Winner.,https://finance.yahoo.com/m/e9abc158-a034-3471-b6bb-69d4e373aa8c/elon-musk-and-openai%E2%80%99s-sam.html,Barrons.com
75,2025-01-02 12:53:00,Synaptics Stock Surges on Google AI Tech Partnership,https://www.investopedia.com/synaptics-stock-surges-on-google-ai-tech-partnership-8768189,Investopedia
76,2025-01-02 12:34:00,Nvidia stock leads Mag 7 gains to start 2025 after megacap tech selloff,https://finance.yahoo.com/news/nvidia-stock-leads-mag-7-gains-to-start-2025-after-megacap-tech-selloff-173433121.html,Yahoo Finance
77,2025-01-02 12:13:00,Can the Magnificent 7 keep dominating in 2025?,https://finance.yahoo.com/video/magnificent-7-keep-dominating-2025-171331442.html,Yahoo Finance Video
78,2025-01-02 12:05:00,"Synaptics (SYNA), BlackBerry (BB) Are Among Todays Winners",https://finance.yahoo.com/news/synaptics-syna-blackberry-bb-among-170536132.html,Insider Monkey
79,2025-01-02 11:47:00,What Analysts Think of Nvidia Stock Ahead of CEO Jensen Huang's CES Keynote,https://www.investopedia.com/what-analysts-think-of-nvidia-stock-ahead-of-ceo-jensen-huang-s-ces-keynote-8768126,Investopedia
80,2025-01-02 10:58:00,Alphabet stock hit with JMP downgrade on antitrust concerns,https://finance.yahoo.com/video/alphabet-stock-hit-jmp-downgrade-155837626.html,Yahoo Finance Video
81,2025-01-02 10:18:00,Synaptics Stock Rises on AI Partnership With Google,https://finance.yahoo.com/m/3b15235b-f839-3ce1-a2c6-9f085a03fe1f/synaptics-stock-rises-on-ai.html,Barrons.com
82,2025-01-02 09:49:00,"Google Risks Severe Antitrust Action, Analyst Says. He Downgraded the Stock.",https://finance.yahoo.com/m/f8154baa-6169-3b58-afc2-e1af56bec0a4/google-risks-%E2%80%98severe%E2%80%99.html,Barrons.com
83,2025-01-02 09:39:00,"Alphabet, Uber downgraded: Wall Street's top analyst calls",https://finance.yahoo.com/news/alphabet-uber-downgraded-wall-streets-143930158.html,The Fly
84,2025-01-02 09:17:00,Alphabet Inc. (GOOG) Bull Says Willow Is Just Icing On The Cake; Owns Stock for Other Reasons,https://finance.yahoo.com/news/alphabet-inc-goog-bull-says-141714302.html,Insider Monkey
85,2025-01-02 08:16:00,Why Nvidia shouldnt sweat AI chip rivals like Amazon and Broadcom,https://finance.yahoo.com/news/why-nvidia-shouldnt-sweat-ai-chip-rivals-like-amazon-and-broadcom-131653185.html,Yahoo Finance
86,2025-01-02 08:10:00,5 Things to Know Before the Stock Market Opens,https://www.investopedia.com/5-things-to-know-before-the-stock-market-opens-january-02-2025-8768064,Investopedia
87,2025-01-02 06:37:00,Is Alphabet a Top Stock to Buy for 2025?,https://finance.yahoo.com/m/03f8e5f4-dcef-347f-9f8c-8b96e52dde40/is-alphabet-a-top-stock-to.html,Motley Fool
88,2025-01-02 05:00:00,What To Expect from the Magnificent Seven in 2025,https://www.investopedia.com/what-to-expect-from-the-magnificent-seven-in-2025-nvidia-apple-microsoft-tesla-google-amazon-meta-8765203,Investopedia
89,2025-01-02 00:01:00,Concerns About Uber Are Overblown. Why Investors Should Consider the Stock for 2025.,https://finance.yahoo.com/m/ad0c5ac3-eb38-3f95-8226-49dc1ba3fde3/concerns-about-uber-are.html,Barrons.com
90,2025-01-01 22:53:00,Monitor These Nvidia Stock Price Levels After Two Years of Massive Gains,https://www.investopedia.com/monitor-these-nvidia-stock-price-levels-after-two-years-of-massive-gains-8768049,Investopedia
91,2025-01-01 19:52:00,"Musks X, Google Yet to Apply for Malaysias New Social Media License",https://finance.yahoo.com/m/1ef9d3ba-a791-3681-8ea9-b09ebca2f5ca/musk%E2%80%99s-x%2C-google-yet-to-apply.html,Bloomberg
92,2025-01-01 10:30:00,"Why Alphabet's ""Challenging"" 2025 May Benefit the Stock as It Pushes AI Innovation",https://finance.yahoo.com/m/b47940c5-550f-3e49-9c06-224f45a2af16/why-alphabet%27s-%22challenging%22.html,Motley Fool
93,2025-01-01 09:45:00,Here's Why Alphabet (GOOGL) is a Strong Growth Stock,https://finance.yahoo.com/news/heres-why-alphabet-googl-strong-144511294.html,Zacks
94,2025-01-01 07:33:00,The top tech stories to watch for in 2025,https://finance.yahoo.com/m/062dd18b-2097-3a5a-9f59-8581ff7c4c78/the-top-tech-stories-to-watch.html,TheStreet
95,2025-01-01 06:01:00,Invest with Confidence: Intrinsic Value Unveiled of Alphabet Inc,https://finance.yahoo.com/news/invest-confidence-intrinsic-value-unveiled-110134551.html,GuruFocus.com
96,2025-01-01 05:30:00,Green-Energy Firms Pitch to Trump: Youre Going to Need a Lot of Power,https://finance.yahoo.com/m/a2b7b26f-9766-3f37-9b85-3de495d6cee0/green-energy-firms%E2%80%99-pitch-to.html,The Wall Street Journal
97,2025-01-01 05:15:00,"Got $3,000? 2 Artificial Intelligence (AI) Stocks to Buy and Hold for the Long Term",https://finance.yahoo.com/m/dc0ba30c-2231-350c-a12c-a30e93766942/got-%243%2C000%3F-2-artificial.html,Motley Fool
98,2025-01-01 04:05:00,History Says the Nasdaq Will Soar in 2025. My Top 10 Artificial Intelligence (AI) Growth Stocks to Buy Before It Does.,https://finance.yahoo.com/m/fdb64697-ef7c-3733-b22d-4cf2bb0e41e8/history-says-the-nasdaq-will.html,Motley Fool
99,2024-12-31 17:30:00,2024 Stock Market News: The Year At A Glance,https://finance.yahoo.com/m/57268148-4fbb-3f25-b6b3-8e584bdbac6c/2024-stock-market-news%3A-the.html,Investor's Business Daily
