Date,Title,Link,Source
2024-11-21 12:46:00,Fox and Hulu announce multi-year content streaming partnership,https://finance.yahoo.com/news/fox-hulu-announce-multi-content-174649773.html,Reuters
2024-11-21 09:52:00,Nvidias Forecast Magic Fades as Analysts Catch Up to Reality,https://finance.yahoo.com/news/nvidia-forecast-magic-fades-analysts-145224256.html,Bloomberg
2024-11-20 23:30:00,Disney Bets on Korean and Japanese Originals in Asia Growth Push,https://finance.yahoo.com/news/disney-bets-korean-japanese-originals-043000212.html,Bloomberg
2024-11-17 17:00:00,Netflix-Rival Max Rolls Out in Asia With Slate of Blockbusters,https://finance.yahoo.com/news/warner-bros-gambles-hollywood-first-220017800.html,Bloomberg
2024-11-15 11:45:00,Disney Targets $1 Billion in Streaming Profit in Fiscal 2025,https://finance.yahoo.com/news/disney-targets-1-billion-streaming-110000973.html,Bloomberg
2024-11-15 07:41:00,Disney nears tipping point as streaming profits start to offset cable decline,https://finance.yahoo.com/news/disney-nears-tipping-point-streaming-124105867.html,Reuters
2024-11-14 10:24:00,"Disney Profit Beats Expectations as Movies, Streaming Gain",https://finance.yahoo.com/news/disney-profit-beats-expectations-movies-152443207.html,Bloomberg
2024-11-14 09:57:00,"Reliance, Walt Disney close $8.5 billion merger of Indian media assets",https://finance.yahoo.com/news/reliance-walt-disney-close-8-145750672.html,Reuters
2024-11-26 01:34:00,Disney settles suit over women's pay for $43 million,https://finance.yahoo.com/news/disney-settles-suit-over-womens-063403746.html,Reuters
2024-12-04 13:11:00,Veteran Irish militant to sue Disney over depiction in 'Say Nothing' TV series,https://finance.yahoo.com/news/veteran-irish-militant-sue-disney-181153899.html,Reuters
2024-12-19 19:00:00,China's Hottest Stock Rockets 370% on Craze for Collectibles,https://finance.yahoo.com/news/china-stock-370-surge-aided-000000352.html,Bloomberg
2024-12-19 23:58:00,China's Hottest Stock Rockets 370% on Craze for Collectibles,https://finance.yahoo.com/news/china-stock-370-surge-aided-000000352.html,Bloomberg
2024-12-27 15:39:00,Loria Says 2024 Is a Recovery Year for Box Office,https://finance.yahoo.com/video/loria-says-2024-recovery-box-203911602.html,Bloomberg
